Group,Best_Combination,Max_Clipiqa,Max_Score_Sum,Similarity,Threshold
0007,Wider_v2_prompt_version_2_cfg_scale_6_strength_0.7_steps_30_captioner_none_swindegrad_v1_swindegrad_pt_0020000,0.899664,3.43012173,0.398287,0.3
0013,Wider_v2_prompt_version_3_cfg_scale_8_strength_0.6_steps_100_captioner_none_swindegrad_v1_swindegrad_pt_0030000,0.843284,3.36421671,0.301881,0.3
0030,Wider_v2_prompt_version_3_cfg_scale_6_strength_0.7_steps_50_captioner_none_swindegrad_v1_swindegrad_pt_0020000,0.913098,3.38271198,0.487176,0.3
0034,Wider_v2_prompt_version_2_cfg_scale_8_strength_0.7_steps_75_captioner_none_swindegrad_v1_swindegrad_pt_0010000,0.8837,3.4724200400000003,0.367584,0.3
0047,Wider_v2_prompt_version_3_cfg_scale_7_strength_0.6_steps_30_captioner_none_swindegrad_v0,0.918332,3.45004708,0.357246,0.3
0057,Wider_v2_prompt_version_3_cfg_scale_6_strength_0.7_steps_50_captioner_none_swindegrad_v1_swindegrad_pt_0020000,0.880001,3.3461142300000004,0.592284,0.3
0065,Wider_v2_prompt_version_3_cfg_scale_5_strength_0.7_steps_30_captioner_none_swindegrad_v0,0.899429,3.48050647,0.532238,0.3
0084,Wider_v2_prompt_version_2_cfg_scale_4_strength_0.7_steps_50_captioner_none_swindegrad_v1_swindegrad_pt_0030000,0.921913,3.4219254699999997,0.396672,0.3
0087,Wider_v2_prompt_version_2_cfg_scale_8_strength_0.8_steps_75_captioner_none_swindegrad_v1_swindegrad_pt_0020000,0.921562,3.39843533,0.306731,0.3
0098,Wider_v2_prompt_version_3_cfg_scale_8_strength_0.8_steps_75_captioner_none_swindegrad_v1_swindegrad_pt_0020000,0.913212,3.3711503300000003,0.363749,0.3
0100,Wider_v2_prompt_version_2_cfg_scale_8_strength_0.8_steps_100_captioner_none_swindegrad_v1_swindegrad_pt_0030000,0.887722,3.44648931,0.630557,0.3
0102,Wider_v2_prompt_version_2_cfg_scale_7_strength_0.8_steps_50_captioner_none_swindegrad_v0,0.930023,3.4861549199999997,0.415854,0.3
0109,Wider_v2_prompt_version_3_cfg_scale_8_strength_0.9_steps_50_captioner_none_swindegrad_v1_swindegrad_pt_0030000,0.85467,3.3463809700000002,0.344679,0.3
0119,Wider_v2_prompt_version_2_cfg_scale_8_strength_0.8_steps_75_captioner_none_swindegrad_v0,0.853955,3.3512086500000002,0.308225,0.3
0129,Wider_v2_prompt_version_3_cfg_scale_8_strength_0.9_steps_75_captioner_none_swindegrad_v1_swindegrad_pt_0010000,0.89538,3.36334425,0.47452,0.3
0137,Wider_v2_prompt_version_3_cfg_scale_7_strength_0.6_steps_75_captioner_none_swindegrad_v0,0.891715,3.39744067,0.31975,0.3
0139,Wider_v2_prompt_version_2_cfg_scale_8_strength_1.0_steps_50_captioner_none_swindegrad_v0,0.935166,3.48659533,0.363054,0.3
0153,Wider_v2_prompt_version_3_cfg_scale_8_strength_1.0_steps_30_captioner_none_swindegrad_v1_swindegrad_pt_0010000,0.852167,3.43263221,0.58884,0.3
0165,Wider_v2_prompt_version_2_cfg_scale_6_strength_0.8_steps_100_captioner_none_swindegrad_v1_swindegrad_pt_0010000,0.899486,3.3762525,0.396469,0.3
0172,Wider_v2_prompt_version_3_cfg_scale_8_strength_0.9_steps_30_captioner_none_swindegrad_v1_swindegrad_pt_0020000,0.866903,3.3793087900000005,0.526939,0.3
0174,Wider_v2_prompt_version_2_cfg_scale_8_strength_0.9_steps_100_captioner_none_swindegrad_v1_swindegrad_pt_0030000,0.873276,3.3967095200000004,0.674226,0.3
0184,Wider_v2_prompt_version_2_cfg_scale_8_strength_0.8_steps_50_captioner_none_swindegrad_v1_swindegrad_pt_0010000,0.91498,3.4242856400000004,0.548853,0.3
0185,Wider_v2_prompt_version_2_cfg_scale_8_strength_0.6_steps_50_captioner_none_swindegrad_v1_swindegrad_pt_0030000,0.92228,3.4677528000000004,0.312088,0.3
0208,Wider_v2_prompt_version_2_cfg_scale_8_strength_0.7_steps_75_captioner_none_swindegrad_v1_swindegrad_pt_0020000,0.874694,3.43239804,0.408896,0.3
0218,Wider_v2_prompt_version_2_cfg_scale_8_strength_0.6_steps_50_captioner_none_swindegrad_v1_swindegrad_pt_0030000,0.888637,3.4699424700000003,0.424167,0.3
0223,Wider_v2_prompt_version_3_cfg_scale_7_strength_0.8_steps_100_captioner_none_swindegrad_v1_swindegrad_pt_0020000,0.887034,3.28718094,0.351204,0.3
0233,Wider_v2_prompt_version_3_cfg_scale_6_strength_0.6_steps_30_captioner_none_swindegrad_v1_swindegrad_pt_0010000,0.870267,3.36795363,0.361547,0.3
0240,Wider_v2_prompt_version_2_cfg_scale_5_strength_0.7_steps_30_captioner_none_swindegrad_v1_swindegrad_pt_0010000,0.852058,3.4127736300000002,0.719089,0.3
0299,Wider_v2_prompt_version_2_cfg_scale_8_strength_0.6_steps_30_captioner_none_swindegrad_v0,0.87616,3.4335614100000003,0.32583,0.3
0306,Wider_v2_prompt_version_2_cfg_scale_7_strength_1.0_steps_75_captioner_none_swindegrad_v1_swindegrad_pt_0010000,0.904569,3.4293222199999995,0.553648,0.3
0333,Wider_v2_prompt_version_3_cfg_scale_8_strength_1.0_steps_30_captioner_none_swindegrad_v0,0.869332,3.34876238,0.766456,0.3
0338,Wider_v2_prompt_version_2_cfg_scale_4_strength_0.7_steps_50_captioner_none_swindegrad_v1_swindegrad_pt_0010000,0.886189,3.3775345800000003,0.312173,0.3
0341,Wider_v2_prompt_version_2_cfg_scale_7_strength_0.7_steps_30_captioner_none_swindegrad_v1_swindegrad_pt_0030000,0.905827,3.46647969,0.575945,0.3
0349,Wider_v2_prompt_version_2_cfg_scale_8_strength_0.6_steps_30_captioner_none_swindegrad_v0,0.910216,3.4625496499999997,0.401564,0.3
0363,Wider_v2_prompt_version_2_cfg_scale_8_strength_0.6_steps_30_captioner_none_swindegrad_v1_swindegrad_pt_0010000,0.882273,3.29696325,0.335585,0.3
0370,Wider_v2_prompt_version_2_cfg_scale_8_strength_0.6_steps_30_captioner_none_swindegrad_v0,0.931524,3.34524534,0.576925,0.3
0371,Wider_v2_prompt_version_3_cfg_scale_7_strength_0.6_steps_75_captioner_none_swindegrad_v0,0.894228,3.37438707,0.702201,0.3
0379,Wider_v2_prompt_version_3_cfg_scale_7_strength_1.0_steps_100_captioner_none_swindegrad_v0,0.904454,3.30921783,0.304992,0.3
0384,Wider_v2_prompt_version_3_cfg_scale_7_strength_0.6_steps_30_captioner_none_swindegrad_v0,0.933127,3.4706009900000003,0.31202,0.3
0392,Wider_v2_prompt_version_2_cfg_scale_8_strength_0.6_steps_75_captioner_none_swindegrad_v1_swindegrad_pt_0020000,0.901815,3.4232974,0.321672,0.3
0404,Wider_v2_prompt_version_2_cfg_scale_6_strength_0.7_steps_30_captioner_none_swindegrad_v1_swindegrad_pt_0020000,0.874845,3.34692363,0.538815,0.3
0412,Wider_v2_prompt_version_2_cfg_scale_8_strength_0.9_steps_50_captioner_none_swindegrad_v1_swindegrad_pt_0020000,0.90664,3.47759074,0.576661,0.3
0414,Wider_v2_prompt_version_2_cfg_scale_5_strength_0.7_steps_50_captioner_none_swindegrad_v1_swindegrad_pt_0010000,0.912533,3.4347695299999996,0.553134,0.3
0418,Wider_v2_prompt_version_2_cfg_scale_8_strength_0.6_steps_30_captioner_none_swindegrad_v1_swindegrad_pt_0010000,0.909609,3.3487882300000003,0.361307,0.3
0426,Wider_v2_prompt_version_2_cfg_scale_8_strength_0.6_steps_30_captioner_none_swindegrad_v0,0.864036,3.4041408200000003,0.536822,0.3
0433,Wider_v2_prompt_version_3_cfg_scale_8_strength_0.9_steps_30_captioner_none_swindegrad_v1_swindegrad_pt_0010000,0.90894,3.48690833,0.631254,0.3
0446,Wider_v2_prompt_version_3_cfg_scale_5_strength_0.6_steps_75_captioner_none_swindegrad_v1_swindegrad_pt_0020000,0.879673,3.4234655599999995,0.340518,0.3
0471,Wider_v2_prompt_version_2_cfg_scale_8_strength_0.7_steps_75_captioner_none_swindegrad_v1_swindegrad_pt_0010000,0.936994,3.2841546599999996,0.412304,0.3
0477,Wider_v2_prompt_version_2_cfg_scale_7_strength_0.8_steps_50_captioner_none_swindegrad_v0,0.901674,3.44610275,0.513623,0.3
0479,Wider_v2_prompt_version_2_cfg_scale_8_strength_0.6_steps_30_captioner_none_swindegrad_v1_swindegrad_pt_0010000,0.858863,3.41223902,0.375809,0.3
0485,Wider_v2_prompt_version_3_cfg_scale_7_strength_0.7_steps_50_captioner_none_swindegrad_v1_swindegrad_pt_0020000,0.877798,3.400926,0.446385,0.3
0510,Wider_v2_prompt_version_2_cfg_scale_7_strength_0.7_steps_30_captioner_none_swindegrad_v0,0.88294,3.4391654799999998,0.644199,0.3
0517,Wider_v2_prompt_version_3_cfg_scale_8_strength_0.6_steps_50_captioner_none_swindegrad_v0,0.918694,3.48986303,0.518076,0.3
0520,Wider_v2_prompt_version_2_cfg_scale_7_strength_0.8_steps_50_captioner_none_swindegrad_v1_swindegrad_pt_0020000,0.92075,3.46960269,0.509822,0.3
0528,Wider_v2_prompt_version_3_cfg_scale_8_strength_1.0_steps_30_captioner_none_swindegrad_v0,0.913616,3.34794991,0.593038,0.3
0540,Wider_v2_prompt_version_3_cfg_scale_7_strength_0.9_steps_100_captioner_none_swindegrad_v1_swindegrad_pt_0020000,0.889915,3.41292817,0.348835,0.3
0541,Wider_v2_prompt_version_3_cfg_scale_8_strength_0.9_steps_75_captioner_none_swindegrad_v1_swindegrad_pt_0010000,0.841461,3.2281683799999996,0.307315,0.3
0567,Wider_v2_prompt_version_3_cfg_scale_8_strength_0.6_steps_30_captioner_none_swindegrad_v1_swindegrad_pt_0010000,0.849795,3.21975305,0.36392,0.3
0576,Wider_v2_prompt_version_1_cfg_scale_4_strength_0.6_steps_30_captioner_none_swindegrad_v1_swindegrad_pt_0030000,0.873304,3.45631588,0.34334,0.3
0606,Wider_v2_prompt_version_2_cfg_scale_5_strength_0.7_steps_75_captioner_none_swindegrad_v0,0.852793,3.41548016,0.412854,0.3
0613,Wider_v2_prompt_version_3_cfg_scale_8_strength_0.8_steps_50_captioner_none_swindegrad_v1_swindegrad_pt_0030000,0.881964,3.40746794,0.51348,0.3
0618,Wider_v2_prompt_version_2_cfg_scale_4_strength_0.6_steps_50_captioner_none_swindegrad_v1_swindegrad_pt_0010000,0.9301,3.4792096900000002,0.390297,0.3
0671,Wider_v2_prompt_version_2_cfg_scale_7_strength_0.7_steps_30_captioner_none_swindegrad_v1_swindegrad_pt_0030000,0.874902,3.355841,0.30726,0.3
0694,Wider_v2_prompt_version_3_cfg_scale_7_strength_0.8_steps_30_captioner_none_swindegrad_v1_swindegrad_pt_0010000,0.885701,3.44984681,0.476956,0.3
0703,Wider_v2_prompt_version_2_cfg_scale_6_strength_0.6_steps_30_captioner_none_swindegrad_v1_swindegrad_pt_0020000,0.884058,3.4150173400000003,0.45667,0.3
0704,Wider_v2_prompt_version_2_cfg_scale_8_strength_0.9_steps_50_captioner_none_swindegrad_v1_swindegrad_pt_0030000,0.914146,3.4023803,0.519091,0.3
0721,Wider_v2_prompt_version_2_cfg_scale_4_strength_0.9_steps_100_captioner_none_swindegrad_v0,0.895278,3.43747252,0.633673,0.3
0734,Wider_v2_prompt_version_2_cfg_scale_7_strength_0.7_steps_75_captioner_none_swindegrad_v1_swindegrad_pt_0030000,0.844961,3.3965205800000002,0.417869,0.3
0737,Wider_v2_prompt_version_2_cfg_scale_5_strength_0.7_steps_75_captioner_none_swindegrad_v0,0.878417,3.41417415,0.504337,0.3
0738,Wider_v2_prompt_version_2_cfg_scale_7_strength_0.7_steps_30_captioner_none_swindegrad_v0,0.874562,3.40896477,0.486024,0.3
0739,Wider_v2_prompt_version_3_cfg_scale_7_strength_0.6_steps_100_captioner_none_swindegrad_v1_swindegrad_pt_0030000,0.893091,3.46948098,0.448767,0.3
0740,Wider_v2_prompt_version_2_cfg_scale_8_strength_0.8_steps_75_captioner_none_swindegrad_v0,0.926128,3.50300018,0.513795,0.3
0745,Wider_v2_prompt_version_2_cfg_scale_6_strength_0.7_steps_30_captioner_none_swindegrad_v1_swindegrad_pt_0030000,0.888727,3.48499671,0.602263,0.3
0758,Wider_v2_prompt_version_3_cfg_scale_6_strength_0.8_steps_100_captioner_none_swindegrad_v1_swindegrad_pt_0020000,0.908949,3.37744798,0.389182,0.3
0759,Wider_v2_prompt_version_3_cfg_scale_6_strength_0.9_steps_100_captioner_none_swindegrad_v0,0.944895,3.3941441400000003,0.30815,0.3
0771,Wider_v2_prompt_version_2_cfg_scale_4_strength_0.7_steps_50_captioner_none_swindegrad_v1_swindegrad_pt_0010000,0.86698,3.4061122,0.575568,0.3
0777,Wider_v2_prompt_version_3_cfg_scale_7_strength_0.7_steps_75_captioner_none_swindegrad_v0,0.903113,3.4257685099999997,0.433156,0.3
0792,Wider_v2_prompt_version_3_cfg_scale_8_strength_0.9_steps_30_captioner_none_swindegrad_v1_swindegrad_pt_0020000,0.902612,3.42878138,0.331024,0.3
0795,Wider_v2_prompt_version_3_cfg_scale_8_strength_0.9_steps_50_captioner_none_swindegrad_v0,0.918129,3.4755467599999994,0.591269,0.3
0802,Wider_v2_prompt_version_2_cfg_scale_7_strength_0.6_steps_75_captioner_none_swindegrad_v1_swindegrad_pt_0030000,0.891348,3.4905285399999997,0.307853,0.3
0806,Wider_v2_prompt_version_2_cfg_scale_6_strength_0.9_steps_75_captioner_none_swindegrad_v1_swindegrad_pt_0010000,0.921299,3.47865324,0.4664,0.3
0815,Wider_v2_prompt_version_3_cfg_scale_8_strength_0.8_steps_100_captioner_none_swindegrad_v0,0.873175,3.3833158100000005,0.603701,0.3
0828,Wider_v2_prompt_version_3_cfg_scale_8_strength_0.6_steps_75_captioner_none_swindegrad_v1_swindegrad_pt_0020000,0.836446,3.32017088,0.412922,0.3
0835,Wider_v2_prompt_version_3_cfg_scale_7_strength_0.8_steps_30_captioner_none_swindegrad_v1_swindegrad_pt_0030000,0.901983,3.48057865,0.590565,0.3
0843,Wider_v2_prompt_version_3_cfg_scale_7_strength_0.6_steps_100_captioner_none_swindegrad_v1_swindegrad_pt_0030000,0.894932,3.3556878,0.308041,0.3
0853,Wider_v2_prompt_version_2_cfg_scale_7_strength_0.9_steps_75_captioner_none_swindegrad_v1_swindegrad_pt_0020000,0.929825,3.46195157,0.386419,0.3
0870,Wider_v2_prompt_version_3_cfg_scale_8_strength_0.9_steps_30_captioner_none_swindegrad_v1_swindegrad_pt_0020000,0.832166,3.2535046,0.745479,0.3
0876,Wider_v2_prompt_version_2_cfg_scale_8_strength_0.7_steps_30_captioner_none_swindegrad_v1_swindegrad_pt_0030000,0.896087,3.4616911999999997,0.500689,0.3
0884,Wider_v2_prompt_version_3_cfg_scale_8_strength_1.0_steps_50_captioner_none_swindegrad_v1_swindegrad_pt_0030000,0.929317,3.4354385,0.695346,0.3
0896,Wider_v2_prompt_version_2_cfg_scale_7_strength_0.8_steps_50_captioner_none_swindegrad_v0,0.901138,3.4201998099999997,0.472722,0.3
0900,Wider_v2_prompt_version_3_cfg_scale_7_strength_0.6_steps_30_captioner_none_swindegrad_v0,0.849154,3.3406833099999997,0.324968,0.3
0908,Wider_v2_prompt_version_2_cfg_scale_6_strength_0.9_steps_75_captioner_none_swindegrad_v1_swindegrad_pt_0010000,0.920787,3.4477669100000004,0.399213,0.3
0911,Wider_v2_prompt_version_3_cfg_scale_8_strength_0.8_steps_100_captioner_none_swindegrad_v0,0.887797,3.4544013199999997,0.333824,0.3
0916,Wider_v2_prompt_version_3_cfg_scale_8_strength_1.0_steps_50_captioner_none_swindegrad_v0,0.85657,3.36640518,0.621414,0.3
0939,Wider_v2_prompt_version_2_cfg_scale_6_strength_0.6_steps_50_captioner_none_swindegrad_v1_swindegrad_pt_0010000,0.887106,3.4160337199999997,0.321276,0.3
0960,Wider_v2_prompt_version_3_cfg_scale_7_strength_0.8_steps_50_captioner_none_swindegrad_v1_swindegrad_pt_0010000,0.873755,3.37593955,0.502381,0.3
0962,Wider_v2_prompt_version_2_cfg_scale_7_strength_0.6_steps_75_captioner_none_swindegrad_v1_swindegrad_pt_0030000,0.895386,3.3739917800000003,0.482906,0.3
0966,Wider_v2_prompt_version_2_cfg_scale_7_strength_1.0_steps_75_captioner_none_swindegrad_v0,0.888781,3.39100831,0.488127,0.3
00002_00,WebPhoto_v2_prompt_version_3_cfg_scale_9_strength_0.6_steps_50_captioner_none_swindegrad_v2_swindegrad_pt_0010000,0.880251,3.31685303,0.408811,0.3
00003_00,WebPhoto_v2_prompt_version_3_cfg_scale_8_strength_0.7_steps_50_captioner_none_swindegrad_v2_swindegrad_pt_0030000,0.918256,3.5274550600000003,0.41767,0.3
00005_00,WebPhoto_v2_prompt_version_3_cfg_scale_8_strength_0.7_steps_50_captioner_none_swindegrad_v2_swindegrad_pt_0030000,0.896737,3.45649346,0.40262,0.3
00006_04,WebPhoto_v2_prompt_version_3_cfg_scale_9_strength_0.8_steps_75_captioner_none_swindegrad_v2_swindegrad_pt_0010000,0.896387,3.4041403399999997,0.383965,0.3
00008_01,WebPhoto_v2_prompt_version_3_cfg_scale_7_strength_0.6_steps_75_captioner_none_swindegrad_v2_swindegrad_pt_0030000,0.874892,3.3459185300000005,0.330464,0.3
00009_00,WebPhoto_v2_prompt_version_3_cfg_scale_9_strength_0.6_steps_30_captioner_none_swindegrad_v2_swindegrad_pt_0030000,0.815223,3.2450529,0.350284,0.3
00010_00,WebPhoto_v2_prompt_version_3_cfg_scale_4_strength_0.8_steps_50_captioner_none_swindegrad_v2_swindegrad_pt_0010000,0.885819,3.42204646,0.529504,0.3
00010_02,WebPhoto_v2_prompt_version_3_cfg_scale_4_strength_0.9_steps_30_captioner_none_swindegrad_v2_swindegrad_pt_0030000,0.830155,3.33989992,0.503928,0.3
00012_00,WebPhoto_v2_prompt_version_3_cfg_scale_4_strength_0.9_steps_30_captioner_none_swindegrad_v0,0.87329,3.4145139299999996,0.865067,0.3
00017_00,WebPhoto_v2_prompt_version_3_cfg_scale_9_strength_0.7_steps_50_captioner_none_swindegrad_v0,0.875171,3.27876705,0.339708,0.3
00019_00,WebPhoto_v2_prompt_version_3_cfg_scale_8_strength_0.7_steps_75_captioner_none_swindegrad_v0,0.927178,3.4468609399999997,0.315578,0.3
00019_03,WebPhoto_v2_prompt_version_3_cfg_scale_4_strength_0.6_steps_75_captioner_none_swindegrad_v0,0.892244,3.32903707,0.321133,0.3
00020_00,WebPhoto_v2_prompt_version_3_cfg_scale_9_strength_1.0_steps_100_captioner_none_swindegrad_v0,0.872214,3.31270056,0.74689,0.3
00024_02,WebPhoto_v2_prompt_version_3_cfg_scale_9_strength_0.7_steps_50_captioner_none_swindegrad_v2_swindegrad_pt_0030000,0.878533,3.46167161,0.334989,0.3
00028_01,WebPhoto_v2_prompt_version_3_cfg_scale_9_strength_0.7_steps_50_captioner_none_swindegrad_v2_swindegrad_pt_0030000,0.872274,3.2955361100000005,0.319521,0.3
00028_02,WebPhoto_v2_prompt_version_3_cfg_scale_5_strength_0.7_steps_50_captioner_none_swindegrad_v2_swindegrad_pt_0030000,0.913175,3.4052462099999996,0.460164,0.3
00028_03,WebPhoto_v2_prompt_version_3_cfg_scale_7_strength_0.6_steps_75_captioner_none_swindegrad_v2_swindegrad_pt_0030000,0.903169,3.25509173,0.348822,0.3
00033_02,WebPhoto_v2_prompt_version_3_cfg_scale_9_strength_0.8_steps_50_captioner_none_swindegrad_v0,0.897503,3.41242664,0.407004,0.3
00034_00,WebPhoto_v2_prompt_version_3_cfg_scale_5_strength_0.6_steps_50_captioner_none_swindegrad_v2_swindegrad_pt_0010000,0.862348,3.33535146,0.311782,0.3
00041_00,WebPhoto_v2_prompt_version_3_cfg_scale_8_strength_0.7_steps_75_captioner_none_swindegrad_v0,0.896252,3.29803134,0.550534,0.3
00043_00,WebPhoto_v2_prompt_version_3_cfg_scale_8_strength_0.9_steps_30_captioner_none_swindegrad_v2_swindegrad_pt_0010000,0.921873,3.31976003,0.347606,0.3
00044_01,WebPhoto_v2_prompt_version_3_cfg_scale_9_strength_0.8_steps_30_captioner_none_swindegrad_v0,0.89108,3.31084376,0.540717,0.3
00048_00,WebPhoto_v2_prompt_version_3_cfg_scale_9_strength_0.9_steps_100_captioner_none_swindegrad_v0,0.871583,3.26301551,0.387969,0.3
00049_01,WebPhoto_v2_prompt_version_3_cfg_scale_6_strength_0.6_steps_50_captioner_none_swindegrad_v0,0.874203,3.2374459,0.305107,0.3
00049_02,WebPhoto_v2_prompt_version_3_cfg_scale_9_strength_0.6_steps_50_captioner_none_swindegrad_v0,0.852735,3.3348488599999997,0.337699,0.3
00050_01,WebPhoto_v2_prompt_version_3_cfg_scale_9_strength_0.7_steps_30_captioner_none_swindegrad_v2_swindegrad_pt_0030000,0.86128,3.39223754,0.461387,0.3
00055_00,WebPhoto_v2_prompt_version_3_cfg_scale_5_strength_0.7_steps_50_captioner_none_swindegrad_v0,0.882304,3.08746896,0.300326,0.3
00065_02,WebPhoto_v2_prompt_version_3_cfg_scale_9_strength_0.9_steps_100_captioner_none_swindegrad_v2_swindegrad_pt_0030000,0.878658,3.35062718,0.423227,0.3
00067_01,WebPhoto_v2_prompt_version_3_cfg_scale_9_strength_1.0_steps_50_captioner_none_swindegrad_v0,0.878694,3.31774088,0.78346,0.3
00071_01,WebPhoto_v2_prompt_version_3_cfg_scale_9_strength_0.6_steps_100_captioner_none_swindegrad_v2_swindegrad_pt_0010000,0.832378,3.38544426,0.429719,0.3
00072_00,WebPhoto_v2_prompt_version_3_cfg_scale_9_strength_0.7_steps_75_captioner_none_swindegrad_v2_swindegrad_pt_0010000,0.90057,3.2728091299999997,0.378826,0.3
00073_00,WebPhoto_v2_prompt_version_1_cfg_scale_6_strength_0.8_steps_30_captioner_none_swindegrad_v2_swindegrad_pt_0030000,0.846999,3.26131512,0.33541,0.3
00076_02,WebPhoto_v2_prompt_version_3_cfg_scale_7_strength_0.7_steps_100_captioner_none_swindegrad_v2_swindegrad_pt_0010000,0.878,3.3629201699999998,0.31326,0.3
00081_00,WebPhoto_v2_prompt_version_3_cfg_scale_5_strength_0.6_steps_30_captioner_none_swindegrad_v2_swindegrad_pt_0030000,0.851036,3.2642301,0.319307,0.3
00085_02,WebPhoto_v2_prompt_version_3_cfg_scale_4_strength_0.6_steps_50_captioner_none_swindegrad_v0,0.920523,3.4485367700000005,0.318451,0.3
00086_00,WebPhoto_v2_prompt_version_3_cfg_scale_9_strength_0.6_steps_30_captioner_none_swindegrad_v2_swindegrad_pt_0030000,0.878625,3.2836755799999997,0.38088,0.3
00087_01,WebPhoto_v2_prompt_version_1_cfg_scale_8_strength_0.6_steps_100_captioner_none_swindegrad_v0,0.875677,3.31395763,0.315019,0.3
00090_03,WebPhoto_v2_prompt_version_3_cfg_scale_9_strength_0.7_steps_30_captioner_none_swindegrad_v2_swindegrad_pt_0030000,0.869588,3.32543179,0.387863,0.3
00092_01,WebPhoto_v2_prompt_version_3_cfg_scale_8_strength_0.7_steps_75_captioner_none_swindegrad_v2_swindegrad_pt_0010000,0.890534,3.37324298,0.351916,0.3
00096_02,WebPhoto_v2_prompt_version_3_cfg_scale_7_strength_0.7_steps_30_captioner_none_swindegrad_v0,0.897662,3.39168424,0.567152,0.3
00097_00,WebPhoto_v2_prompt_version_3_cfg_scale_5_strength_0.6_steps_30_captioner_none_swindegrad_v0,0.872806,3.30107968,0.32209,0.3
00097_02,WebPhoto_v2_prompt_version_3_cfg_scale_4_strength_0.6_steps_75_captioner_none_swindegrad_v0,0.901405,3.39946753,0.553307,0.3
00099_00,WebPhoto_v2_prompt_version_3_cfg_scale_9_strength_0.8_steps_50_captioner_none_swindegrad_v2_swindegrad_pt_0030000,0.855654,3.2745558600000004,0.384498,0.3
00100_01,WebPhoto_v2_prompt_version_3_cfg_scale_9_strength_0.8_steps_30_captioner_none_swindegrad_v0,0.931233,3.27315464,0.448711,0.3
00101_00,WebPhoto_v2_prompt_version_1_cfg_scale_6_strength_0.6_steps_50_captioner_none_swindegrad_v0,0.82395,3.1749710999999996,0.302307,0.3
00101_02,WebPhoto_v2_prompt_version_3_cfg_scale_9_strength_1.0_steps_50_captioner_none_swindegrad_v0,0.735081,3.04399311,0.320459,0.3
00102_00,WebPhoto_v2_prompt_version_3_cfg_scale_9_strength_0.7_steps_50_captioner_none_swindegrad_v0,0.849838,3.20149513,0.411199,0.3
00103_00,WebPhoto_v2_prompt_version_1_cfg_scale_8_strength_0.6_steps_50_captioner_none_swindegrad_v2_swindegrad_pt_0030000,0.877969,3.1663904799999996,0.304657,0.3
00105_02,WebPhoto_v2_prompt_version_3_cfg_scale_7_strength_0.6_steps_50_captioner_none_swindegrad_v0,0.844246,3.1253336,0.311116,0.3
00109_02,WebPhoto_v2_prompt_version_3_cfg_scale_9_strength_0.9_steps_50_captioner_none_swindegrad_v0,0.848203,3.20914325,0.576558,0.3
00110_01,WebPhoto_v2_prompt_version_3_cfg_scale_8_strength_0.7_steps_50_captioner_none_swindegrad_v0,0.824536,3.1200360600000003,0.325704,0.3
00111_02,WebPhoto_v2_prompt_version_3_cfg_scale_5_strength_0.6_steps_100_captioner_none_swindegrad_v2_swindegrad_pt_0010000,0.825514,3.15850267,0.339633,0.3
00112_01,WebPhoto_v2_prompt_version_3_cfg_scale_6_strength_0.9_steps_75_captioner_none_swindegrad_v0,0.864892,3.4612438400000003,0.792968,0.3
00112_02,WebPhoto_v2_prompt_version_3_cfg_scale_8_strength_0.7_steps_100_captioner_none_swindegrad_v0,0.869656,3.4112949300000004,0.412549,0.3
00112_04,WebPhoto_v2_prompt_version_3_cfg_scale_9_strength_0.9_steps_50_captioner_none_swindegrad_v0,0.862537,3.38311443,0.361153,0.3
00114_01,WebPhoto_v2_prompt_version_3_cfg_scale_9_strength_0.7_steps_75_captioner_none_swindegrad_v2_swindegrad_pt_0030000,0.899266,3.28247643,0.349606,0.3
00118_00,WebPhoto_v2_prompt_version_3_cfg_scale_8_strength_0.6_steps_30_captioner_none_swindegrad_v2_swindegrad_pt_0010000,0.89404,3.36485275,0.300593,0.3
00120_00,WebPhoto_v2_prompt_version_3_cfg_scale_6_strength_0.6_steps_100_captioner_none_swindegrad_v2_swindegrad_pt_0030000,0.905345,3.36400073,0.40472,0.3
00120_01,WebPhoto_v2_prompt_version_3_cfg_scale_7_strength_0.8_steps_100_captioner_none_swindegrad_v2_swindegrad_pt_0030000,0.909858,3.30628069,0.365024,0.3
00121_00,WebPhoto_v2_prompt_version_3_cfg_scale_9_strength_0.9_steps_50_captioner_none_swindegrad_v2_swindegrad_pt_0030000,0.90212,3.34319916,0.668268,0.3
00126_00,WebPhoto_v2_prompt_version_3_cfg_scale_7_strength_0.6_steps_75_captioner_none_swindegrad_v2_swindegrad_pt_0030000,0.855657,3.2857484099999996,0.375827,0.3
00127_01,WebPhoto_v2_prompt_version_3_cfg_scale_8_strength_0.6_steps_50_captioner_none_swindegrad_v0,0.912745,3.28888391,0.347313,0.3
00129_00,WebPhoto_v2_prompt_version_3_cfg_scale_7_strength_0.7_steps_50_captioner_none_swindegrad_v0,0.901986,3.4222305299999998,0.540529,0.3
00130_02,WebPhoto_v2_prompt_version_3_cfg_scale_7_strength_0.7_steps_30_captioner_none_swindegrad_v2_swindegrad_pt_0030000,0.899668,3.46350466,0.334851,0.3
00131_00,WebPhoto_v2_prompt_version_1_cfg_scale_8_strength_0.9_steps_100_captioner_none_swindegrad_v0,0.836099,3.19284996,0.33413,0.3
00134_00,WebPhoto_v2_prompt_version_3_cfg_scale_4_strength_0.6_steps_50_captioner_none_swindegrad_v2_swindegrad_pt_0030000,0.890658,3.33723579,0.477627,0.3
00135_00,WebPhoto_v2_prompt_version_3_cfg_scale_4_strength_0.6_steps_50_captioner_none_swindegrad_v0,0.881227,3.3355810100000003,0.416902,0.3
00135_01,WebPhoto_v2_prompt_version_3_cfg_scale_9_strength_0.9_steps_50_captioner_none_swindegrad_v0,0.891257,3.3228278,0.319532,0.3
00136_00,WebPhoto_v2_prompt_version_3_cfg_scale_4_strength_0.9_steps_30_captioner_none_swindegrad_v0,0.863953,3.3672001099999997,0.847765,0.3
00137_00,WebPhoto_v2_prompt_version_1_cfg_scale_9_strength_0.9_steps_30_captioner_none_swindegrad_v2_swindegrad_pt_0010000,0.888894,3.34962508,0.348304,0.3
10000_00,WebPhoto_v2_prompt_version_3_cfg_scale_9_strength_0.8_steps_30_captioner_none_swindegrad_v0,0.918056,3.4037413900000004,0.708745,0.3
10000_04,WebPhoto_v2_prompt_version_3_cfg_scale_9_strength_0.6_steps_50_captioner_none_swindegrad_v2_swindegrad_pt_0030000,0.908544,3.3882359500000003,0.448447,0.3
10000_05,WebPhoto_v2_prompt_version_1_cfg_scale_5_strength_0.6_steps_100_captioner_none_swindegrad_v0,0.867298,3.3676615200000004,0.546299,0.3
10000_06,WebPhoto_v2_prompt_version_1_cfg_scale_9_strength_0.6_steps_50_captioner_none_swindegrad_v0,0.888245,3.3858694700000003,0.420333,0.3
10001_00,WebPhoto_v2_prompt_version_3_cfg_scale_4_strength_0.8_steps_75_captioner_none_swindegrad_v2_swindegrad_pt_0010000,0.875835,3.4484790500000004,0.81731,0.3
10003_00,WebPhoto_v2_prompt_version_3_cfg_scale_7_strength_0.9_steps_50_captioner_none_swindegrad_v0,0.87834,3.1380764,0.467047,0.3
10008_01,WebPhoto_v2_prompt_version_3_cfg_scale_8_strength_0.6_steps_30_captioner_none_swindegrad_v2_swindegrad_pt_0010000,0.860474,3.13966207,0.309638,0.3
10016_01,WebPhoto_v2_prompt_version_3_cfg_scale_5_strength_0.6_steps_50_captioner_none_swindegrad_v2_swindegrad_pt_0010000,0.886814,3.39358731,0.6159,0.3
10016_03,WebPhoto_v2_prompt_version_3_cfg_scale_9_strength_0.6_steps_30_captioner_none_swindegrad_v2_swindegrad_pt_0030000,0.871511,3.3881218,0.498333,0.3
10018_00,WebPhoto_v2_prompt_version_3_cfg_scale_8_strength_0.6_steps_30_captioner_none_swindegrad_v2_swindegrad_pt_0010000,0.892723,3.3885367200000003,0.526248,0.3
10018_02,WebPhoto_v2_prompt_version_3_cfg_scale_7_strength_0.7_steps_50_captioner_none_swindegrad_v0,0.891774,3.33897026,0.329645,0.3
10021_01,WebPhoto_v2_prompt_version_3_cfg_scale_4_strength_0.6_steps_50_captioner_none_swindegrad_v2_swindegrad_pt_0030000,0.891712,3.41907798,0.569037,0.3
10025_00,WebPhoto_v2_prompt_version_3_cfg_scale_9_strength_0.6_steps_50_captioner_none_swindegrad_v2_swindegrad_pt_0010000,0.898593,3.40209852,0.386748,0.3
10026_01,WebPhoto_v2_prompt_version_1_cfg_scale_9_strength_0.6_steps_30_captioner_none_swindegrad_v2_swindegrad_pt_0010000,0.846956,3.2567145800000006,0.327739,0.3
10029_00,WebPhoto_v2_prompt_version_3_cfg_scale_6_strength_0.7_steps_100_captioner_none_swindegrad_v2_swindegrad_pt_0010000,0.88061,3.4039704299999998,0.521543,0.3
10031_00,WebPhoto_v2_prompt_version_3_cfg_scale_7_strength_0.6_steps_30_captioner_none_swindegrad_v2_swindegrad_pt_0010000,0.901314,3.39457214,0.579746,0.3
10032_02,WebPhoto_v2_prompt_version_1_cfg_scale_9_strength_0.6_steps_50_captioner_none_swindegrad_v0,0.831181,3.20272647,0.331337,0.3
10034_02,WebPhoto_v2_prompt_version_3_cfg_scale_8_strength_0.7_steps_75_captioner_none_swindegrad_v0,0.869868,3.42928034,0.768079,0.3
10037_00,WebPhoto_v2_prompt_version_3_cfg_scale_8_strength_0.6_steps_50_captioner_none_swindegrad_v2_swindegrad_pt_0030000,0.876963,3.4589041,0.653321,0.3
10037_02,WebPhoto_v2_prompt_version_1_cfg_scale_4_strength_0.6_steps_75_captioner_none_swindegrad_v2_swindegrad_pt_0010000,0.891854,3.4849962,0.565666,0.3
10038_00,WebPhoto_v2_prompt_version_3_cfg_scale_9_strength_0.8_steps_50_captioner_none_swindegrad_v0,0.894336,3.3351598000000005,0.497587,0.3
10038_01,WebPhoto_v2_prompt_version_3_cfg_scale_6_strength_0.6_steps_100_captioner_none_swindegrad_v2_swindegrad_pt_0030000,0.849487,3.30814688,0.342185,0.3
10039_01,WebPhoto_v2_prompt_version_3_cfg_scale_6_strength_0.7_steps_30_captioner_none_swindegrad_v2_swindegrad_pt_0010000,0.903672,3.3998708399999997,0.43372,0.3
10040_01,WebPhoto_v2_prompt_version_3_cfg_scale_9_strength_0.7_steps_50_captioner_none_swindegrad_v2_swindegrad_pt_0030000,0.861623,3.1759559299999998,0.314438,0.3
10043_01,WebPhoto_v2_prompt_version_3_cfg_scale_9_strength_0.9_steps_100_captioner_none_swindegrad_v2_swindegrad_pt_0030000,0.92447,3.41485824,0.795045,0.3
10044_01,WebPhoto_v2_prompt_version_1_cfg_scale_9_strength_0.7_steps_30_captioner_none_swindegrad_v2_swindegrad_pt_0030000,0.893297,3.4429979999999993,0.446257,0.3
10045_01,WebPhoto_v2_prompt_version_3_cfg_scale_9_strength_0.7_steps_50_captioner_none_swindegrad_v0,0.886644,3.2019311399999997,0.391755,0.3
10047_02,WebPhoto_v2_prompt_version_3_cfg_scale_9_strength_0.8_steps_30_captioner_none_swindegrad_v0,0.88132,3.4193234199999996,0.7424,0.3
10048_00,WebPhoto_v2_prompt_version_3_cfg_scale_9_strength_0.7_steps_50_captioner_none_swindegrad_v0,0.924399,3.45758418,0.661253,0.3
10049_01,WebPhoto_v2_prompt_version_3_cfg_scale_6_strength_0.6_steps_50_captioner_none_swindegrad_v0,0.89172,3.41102856,0.394537,0.3
Amy_Gale_0001_00,LFW_v2_prompt_version_3_cfg_scale_8_strength_0.7_steps_75_captioner_none_swindegrad_v3_swindegrad_pt_0030000,0.889279,3.39998526,0.606213,0.6
Andre_Bucher_0001_00,LFW_v2_prompt_version_3_cfg_scale_8_strength_0.8_steps_50_captioner_none_swindegrad_v3_swindegrad_pt_0010000,0.883634,3.41801276,0.724549,0.6
Annette_Lu_0001_00,LFW_v2_prompt_version_3_cfg_scale_9_strength_0.8_steps_30_captioner_none_swindegrad_v3_swindegrad_pt_0010000,0.871614,3.34546388,0.786613,0.6
Arie_Haan_0001_00,LFW_v2_prompt_version_3_cfg_scale_7_strength_0.8_steps_30_captioner_none_swindegrad_v0,0.872177,3.4349118499999998,0.729315,0.6
Barbara_Brezigar_0001_00,LFW_v2_prompt_version_3_cfg_scale_9_strength_0.9_steps_100_captioner_none_swindegrad_v3_swindegrad_pt_0030000,0.906604,3.45082556,0.843116,0.6
Barry_Switzer_0001_00,LFW_v2_prompt_version_3_cfg_scale_4_strength_0.7_steps_30_captioner_none_swindegrad_v3_swindegrad_pt_0030000,0.816623,3.1457751199999997,0.789661,0.6
Bill_Sizemore_0001_00,LFW_v2_prompt_version_3_cfg_scale_7_strength_0.7_steps_30_captioner_none_swindegrad_v3_swindegrad_pt_0010000,0.844403,3.3619752099999998,0.719376,0.6
Billy_Boyd_0001_00,LFW_v2_prompt_version_3_cfg_scale_8_strength_0.7_steps_50_captioner_none_swindegrad_v3_swindegrad_pt_0010000,0.886466,3.43284432,0.622589,0.6
Bob_Colvin_0001_00,LFW_v2_prompt_version_3_cfg_scale_7_strength_0.8_steps_30_captioner_none_swindegrad_v0,0.879224,3.36093507,0.724388,0.6
Bonnie_Fuller_0001_00,LFW_v2_prompt_version_3_cfg_scale_4_strength_0.9_steps_50_captioner_none_swindegrad_v3_swindegrad_pt_0030000,0.892477,3.40640104,0.902821,0.6
Carlton_Dotson_0001_00,LFW_v2_prompt_version_3_cfg_scale_9_strength_0.9_steps_30_captioner_none_swindegrad_v3_swindegrad_pt_0010000,0.880523,3.22710111,0.752345,0.6
Caroline_Link_0001_00,LFW_v2_prompt_version_3_cfg_scale_8_strength_0.7_steps_30_captioner_none_swindegrad_v3_swindegrad_pt_0030000,0.915438,3.3860981299999997,0.683,0.6
Chanda_Rubin_0001_00,LFW_v2_prompt_version_3_cfg_scale_4_strength_0.6_steps_75_captioner_none_swindegrad_v3_swindegrad_pt_0030000,0.939429,3.44510266,0.627891,0.6
Chris_Cirino_0001_00,LFW_v2_prompt_version_3_cfg_scale_4_strength_0.7_steps_30_captioner_none_swindegrad_v3_swindegrad_pt_0010000,0.886362,3.47073337,0.71946,0.6
Christopher_Russell_0001_00,LFW_v2_prompt_version_3_cfg_scale_8_strength_0.7_steps_30_captioner_none_swindegrad_v0,0.854329,3.37056531,0.667043,0.6
Ciaran_Hinds_0001_00,LFW_v2_prompt_version_3_cfg_scale_5_strength_0.6_steps_100_captioner_none_swindegrad_v3_swindegrad_pt_0010000,0.907017,3.48159258,0.647249,0.6
Clark_Randt_0001_00,LFW_v2_prompt_version_3_cfg_scale_5_strength_0.6_steps_75_captioner_none_swindegrad_v3_swindegrad_pt_0030000,0.851225,3.36801848,0.643046,0.6
Dan_Bylsma_0001_00,LFW_v2_prompt_version_3_cfg_scale_7_strength_0.7_steps_75_captioner_none_swindegrad_v3_swindegrad_pt_0030000,0.899362,3.4725646200000004,0.714436,0.6
Dave_McGinnis_0001_00,LFW_v2_prompt_version_3_cfg_scale_4_strength_0.7_steps_50_captioner_none_swindegrad_v3_swindegrad_pt_0030000,0.877458,3.44304483,0.664298,0.6
David_Carradine_0001_00,LFW_v2_prompt_version_3_cfg_scale_4_strength_0.9_steps_30_captioner_none_swindegrad_v3_swindegrad_pt_0010000,0.871558,3.3823403799999996,0.847879,0.6
David_Howard_0001_00,LFW_v2_prompt_version_3_cfg_scale_9_strength_0.6_steps_50_captioner_none_swindegrad_v3_swindegrad_pt_0010000,0.845331,3.28176528,0.672539,0.6
David_Stern_0001_00,LFW_v2_prompt_version_3_cfg_scale_8_strength_1.0_steps_30_captioner_none_swindegrad_v0,0.810088,3.36881433,0.895107,0.6
Derrick_Battie_0001_00,LFW_v2_prompt_version_3_cfg_scale_9_strength_0.6_steps_30_captioner_none_swindegrad_v3_swindegrad_pt_0010000,0.868196,3.42206328,0.685964,0.6
Derrick_Taylor_0001_00,LFW_v2_prompt_version_3_cfg_scale_9_strength_0.6_steps_50_captioner_none_swindegrad_v0,0.884369,3.4344648700000002,0.603618,0.6
Doug_Collins_0001_00,LFW_v2_prompt_version_3_cfg_scale_5_strength_0.7_steps_100_captioner_none_swindegrad_v0,0.884895,3.43042549,0.679614,0.6
Earl_Fritts_0001_00,LFW_v2_prompt_version_3_cfg_scale_8_strength_0.7_steps_30_captioner_none_swindegrad_v0,0.87519,3.4169042,0.644888,0.6
Edward_Seaga_0001_00,LFW_v2_prompt_version_3_cfg_scale_9_strength_0.8_steps_50_captioner_none_swindegrad_v3_swindegrad_pt_0030000,0.875328,3.43355624,0.865444,0.6
Eliane_Karp_0001_00,LFW_v2_prompt_version_3_cfg_scale_8_strength_0.8_steps_50_captioner_none_swindegrad_v0,0.883528,3.4010737000000004,0.819435,0.6
Elizabeth_Smart_0001_00,LFW_v2_prompt_version_3_cfg_scale_4_strength_0.9_steps_50_captioner_none_swindegrad_v3_swindegrad_pt_0030000,0.894876,3.45547631,0.733884,0.6
Elsa_Zylberstein_0001_00,LFW_v2_prompt_version_3_cfg_scale_8_strength_0.8_steps_50_captioner_none_swindegrad_v3_swindegrad_pt_0030000,0.875644,3.40782233,0.698153,0.6
Eric_Lindros_0001_00,LFW_v2_prompt_version_1_cfg_scale_8_strength_0.7_steps_30_captioner_none_swindegrad_v3_swindegrad_pt_0010000,0.864237,3.32297189,0.631057,0.6
Eric_Vigouroux_0001_00,LFW_v2_prompt_version_3_cfg_scale_9_strength_0.8_steps_30_captioner_none_swindegrad_v3_swindegrad_pt_0010000,0.894829,3.34494874,0.723237,0.6
Ernie_Fletcher_0001_00,LFW_v2_prompt_version_3_cfg_scale_7_strength_0.7_steps_75_captioner_none_swindegrad_v3_swindegrad_pt_0030000,0.87036,3.38181592,0.646444,0.6
Francis_Ricciardone_0001_00,LFW_v2_prompt_version_3_cfg_scale_6_strength_0.8_steps_30_captioner_none_swindegrad_v0,0.889111,3.4711060099999997,0.816513,0.6
Frank_Pallone_0001_00,LFW_v2_prompt_version_3_cfg_scale_4_strength_0.6_steps_30_captioner_none_swindegrad_v3_swindegrad_pt_0010000,0.861474,3.38886779,0.667383,0.6
Franklin_Damann_0001_00,LFW_v2_prompt_version_1_cfg_scale_7_strength_1.0_steps_50_captioner_none_swindegrad_v0,0.873681,3.33406044,0.698378,0.6
Goran_Zivkovic_0001_00,LFW_v2_prompt_version_3_cfg_scale_9_strength_0.6_steps_50_captioner_none_swindegrad_v3_swindegrad_pt_0010000,0.854114,3.40093627,0.69928,0.6
Gordon_Campbell_0001_00,LFW_v2_prompt_version_1_cfg_scale_7_strength_0.8_steps_30_captioner_none_swindegrad_v3_swindegrad_pt_0030000,0.87217,3.43784695,0.750018,0.6
Gregory_Peck_0001_00,LFW_v2_prompt_version_3_cfg_scale_8_strength_0.6_steps_100_captioner_none_swindegrad_v0,0.86435,3.3368236700000002,0.634638,0.6
Gwyneth_Paltrow_0001_00,LFW_v2_prompt_version_3_cfg_scale_6_strength_0.7_steps_50_captioner_none_swindegrad_v3_swindegrad_pt_0030000,0.863134,3.39167258,0.714827,0.6
Ismail_Khan_0001_00,LFW_v2_prompt_version_3_cfg_scale_5_strength_0.7_steps_100_captioner_none_swindegrad_v0,0.90121,3.4480552600000003,0.703292,0.6
James_Comey_0001_00,LFW_v2_prompt_version_3_cfg_scale_7_strength_0.7_steps_75_captioner_none_swindegrad_v3_swindegrad_pt_0030000,0.857023,3.4244691499999997,0.643789,0.6
James_Kopp_0001_00,LFW_v2_prompt_version_3_cfg_scale_6_strength_0.6_steps_100_captioner_none_swindegrad_v3_swindegrad_pt_0030000,0.861283,3.35040277,0.610958,0.6
James_Smith_0001_00,LFW_v2_prompt_version_3_cfg_scale_9_strength_0.9_steps_100_captioner_none_swindegrad_v3_swindegrad_pt_0030000,0.813463,3.30728774,0.798732,0.6
Janica_Kostelic_0001_00,LFW_v2_prompt_version_3_cfg_scale_4_strength_0.7_steps_50_captioner_none_swindegrad_v0,0.909684,3.45367149,0.622277,0.6
Jean-Claude_Juncker_0001_00,LFW_v2_prompt_version_3_cfg_scale_9_strength_0.6_steps_30_captioner_none_swindegrad_v0,0.850827,3.3932822299999996,0.619131,0.6
Jean-Marc_de_La_Sabliere_0001_00,LFW_v2_prompt_version_3_cfg_scale_8_strength_0.6_steps_50_captioner_none_swindegrad_v0,0.876961,3.44129856,0.62159,0.6
Jim_Jeffords_0001_00,LFW_v2_prompt_version_3_cfg_scale_4_strength_1.0_steps_30_captioner_none_swindegrad_v0,0.88582,3.4309594199999998,0.920731,0.6
Joaquin_Phoenix_0001_00,LFW_v2_prompt_version_3_cfg_scale_9_strength_0.9_steps_75_captioner_none_swindegrad_v0,0.924621,3.40357397,0.815905,0.6
John_Mabry_0001_00,LFW_v2_prompt_version_3_cfg_scale_8_strength_1.0_steps_100_captioner_none_swindegrad_v3_swindegrad_pt_0010000,0.883426,3.3468447,0.606281,0.6
John_Nash_0001_00,LFW_v2_prompt_version_3_cfg_scale_8_strength_0.7_steps_30_captioner_none_swindegrad_v0,0.913588,3.49628382,0.628837,0.6
Judi_Patton_0001_00,LFW_v2_prompt_version_3_cfg_scale_9_strength_0.7_steps_50_captioner_none_swindegrad_v3_swindegrad_pt_0010000,0.928014,3.46609552,0.600125,0.6
Kurt_Warner_0001_00,LFW_v2_prompt_version_3_cfg_scale_7_strength_1.0_steps_30_captioner_none_swindegrad_v3_swindegrad_pt_0030000,0.889501,3.4192372100000004,0.903022,0.6
Kyoko_Nakayama_0001_00,LFW_v2_prompt_version_3_cfg_scale_7_strength_0.7_steps_75_captioner_none_swindegrad_v3_swindegrad_pt_0030000,0.852374,3.3862178399999996,0.677699,0.6
LK_Advani_0001_00,LFW_v2_prompt_version_3_cfg_scale_9_strength_0.9_steps_30_captioner_none_swindegrad_v3_swindegrad_pt_0010000,0.856612,3.36609905,0.862305,0.6
Lena_Katina_0001_00,LFW_v2_prompt_version_3_cfg_scale_7_strength_0.6_steps_30_captioner_none_swindegrad_v0,0.854563,3.37284353,0.663764,0.6
Leslie_Wiser_Jr_0001_00,LFW_v2_prompt_version_3_cfg_scale_9_strength_0.9_steps_100_captioner_none_swindegrad_v3_swindegrad_pt_0030000,0.862105,3.35651016,0.704055,0.6
Manuel_Jesus_0001_00,LFW_v2_prompt_version_3_cfg_scale_7_strength_0.8_steps_30_captioner_none_swindegrad_v0,0.931467,3.4785928700000004,0.827573,0.6
Maria_Shriver_0001_00,LFW_v2_prompt_version_3_cfg_scale_8_strength_0.7_steps_30_captioner_none_swindegrad_v3_swindegrad_pt_0010000,0.889164,3.42798755,0.612775,0.6
Mario_Jardel_0001_00,LFW_v2_prompt_version_3_cfg_scale_9_strength_0.9_steps_30_captioner_none_swindegrad_v3_swindegrad_pt_0010000,0.848634,3.3789266,0.810368,0.6
Mark_Andrew_0001_00,LFW_v2_prompt_version_3_cfg_scale_4_strength_0.9_steps_50_captioner_none_swindegrad_v0,0.865018,3.34914766,0.781719,0.6
Mark_Mishkin_0001_00,LFW_v2_prompt_version_3_cfg_scale_9_strength_0.7_steps_50_captioner_none_swindegrad_v3_swindegrad_pt_0010000,0.856582,3.3406188799999996,0.60886,0.6
Martin_Frost_0001_00,LFW_v2_prompt_version_3_cfg_scale_8_strength_0.8_steps_50_captioner_none_swindegrad_v3_swindegrad_pt_0030000,0.870534,3.43517207,0.840014,0.6
Matthew_During_0001_00,LFW_v2_prompt_version_3_cfg_scale_4_strength_0.7_steps_30_captioner_none_swindegrad_v0,0.87808,3.44737031,0.664093,0.6
Melissa_Joan_Hart_0001_00,LFW_v2_prompt_version_3_cfg_scale_8_strength_0.7_steps_75_captioner_none_swindegrad_v3_swindegrad_pt_0010000,0.872491,3.3923129800000003,0.60505,0.6
Mike_Duke_0001_00,LFW_v2_prompt_version_3_cfg_scale_9_strength_0.7_steps_100_captioner_none_swindegrad_v3_swindegrad_pt_0030000,0.855725,3.36055554,0.785479,0.6
Mitchell_McLaughlin_0001_00,LFW_v2_prompt_version_3_cfg_scale_4_strength_0.7_steps_50_captioner_none_swindegrad_v0,0.879405,3.34367514,0.60905,0.6
Monica_Lewinsky_0001_00,LFW_v2_prompt_version_3_cfg_scale_4_strength_0.7_steps_50_captioner_none_swindegrad_v0,0.888657,3.35299354,0.700907,0.6
Nuon_Chea_0001_00,LFW_v2_prompt_version_3_cfg_scale_6_strength_0.8_steps_30_captioner_none_swindegrad_v0,0.898125,3.4498790699999997,0.699449,0.6
Oracene_Williams_0001_00,LFW_v2_prompt_version_3_cfg_scale_7_strength_1.0_steps_100_captioner_none_swindegrad_v0,0.887394,3.4168359300000004,0.880925,0.6
Patti_Labelle_0001_00,LFW_v2_prompt_version_3_cfg_scale_7_strength_0.8_steps_30_captioner_none_swindegrad_v0,0.902432,3.44079279,0.697741,0.6
Paul_Michael_Daniels_0001_00,LFW_v2_prompt_version_3_cfg_scale_8_strength_0.7_steps_30_captioner_none_swindegrad_v3_swindegrad_pt_0010000,0.901048,3.3489919200000005,0.707995,0.6
Paula_Locke_0001_00,LFW_v2_prompt_version_3_cfg_scale_7_strength_0.7_steps_30_captioner_none_swindegrad_v0,0.892574,3.42890538,0.648516,0.6
Pedro_Alvarez_0001_00,LFW_v2_prompt_version_3_cfg_scale_5_strength_0.8_steps_100_captioner_none_swindegrad_v3_swindegrad_pt_0010000,0.857328,3.4304477899999997,0.748211,0.6
Peter_Camejo_0001_00,LFW_v2_prompt_version_3_cfg_scale_9_strength_0.6_steps_100_captioner_none_swindegrad_v0,0.861912,3.41269946,0.628207,0.6
Phillip_Fulmer_0001_00,LFW_v2_prompt_version_3_cfg_scale_8_strength_0.7_steps_75_captioner_none_swindegrad_v3_swindegrad_pt_0010000,0.891101,3.43378184,0.640542,0.6
Pieter_Bouw_0001_00,LFW_v2_prompt_version_3_cfg_scale_4_strength_0.6_steps_50_captioner_none_swindegrad_v3_swindegrad_pt_0010000,0.875992,3.47123191,0.613372,0.6
Placido_Domingo_0001_00,LFW_v2_prompt_version_3_cfg_scale_5_strength_0.7_steps_50_captioner_none_swindegrad_v3_swindegrad_pt_0010000,0.886495,3.45486606,0.622177,0.6
Portia_de_Rossi_0001_00,LFW_v2_prompt_version_3_cfg_scale_8_strength_0.7_steps_30_captioner_none_swindegrad_v0,0.881075,3.4701315,0.616158,0.6
Ray_Liotta_0001_00,LFW_v2_prompt_version_3_cfg_scale_4_strength_1.0_steps_30_captioner_none_swindegrad_v0,0.864684,3.38698035,0.945302,0.6
Rita_Moreno_0001_00,LFW_v2_prompt_version_3_cfg_scale_4_strength_0.7_steps_100_captioner_none_swindegrad_v0,0.927125,3.42619583,0.611661,0.6
Rod_Thorn_0001_00,LFW_v2_prompt_version_3_cfg_scale_8_strength_0.9_steps_30_captioner_none_swindegrad_v3_swindegrad_pt_0010000,0.904325,3.4520439800000005,0.792063,0.6
Roger_Suarez_0001_00,LFW_v2_prompt_version_3_cfg_scale_4_strength_0.7_steps_50_captioner_none_swindegrad_v0,0.883329,3.3919809599999997,0.718708,0.6
Rudolf_Schuster_0001_00,LFW_v2_prompt_version_1_cfg_scale_4_strength_0.7_steps_50_captioner_none_swindegrad_v0,0.872494,3.4229569900000003,0.65732,0.6
Sarah_Wynter_0001_00,LFW_v2_prompt_version_3_cfg_scale_8_strength_0.7_steps_75_captioner_none_swindegrad_v3_swindegrad_pt_0010000,0.867753,3.4287917000000006,0.735524,0.6
Scott_Dickson_0001_00,LFW_v2_prompt_version_3_cfg_scale_5_strength_0.9_steps_50_captioner_none_swindegrad_v0,0.828722,3.3542909499999998,0.91126,0.6
Shanna_Zolman_0001_00,LFW_v2_prompt_version_3_cfg_scale_6_strength_0.7_steps_100_captioner_none_swindegrad_v3_swindegrad_pt_0010000,0.871059,3.43835252,0.608492,0.6
Shaukat_Aziz_0001_00,LFW_v2_prompt_version_3_cfg_scale_7_strength_0.7_steps_30_captioner_none_swindegrad_v0,0.884849,3.4129275100000003,0.766885,0.6
Shirley_Jones_0001_00,LFW_v2_prompt_version_3_cfg_scale_7_strength_0.6_steps_30_captioner_none_swindegrad_v0,0.896816,3.50462437,0.601295,0.6
Stephen_Glassroth_0001_00,LFW_v2_prompt_version_3_cfg_scale_7_strength_0.6_steps_75_captioner_none_swindegrad_v0,0.839558,3.28695909,0.602706,0.6
Steven_Van_Zandt_0001_00,LFW_v2_prompt_version_3_cfg_scale_9_strength_1.0_steps_30_captioner_none_swindegrad_v0,0.871153,3.36314691,0.688987,0.6
Stuart_Whitman_0001_00,LFW_v2_prompt_version_3_cfg_scale_8_strength_0.6_steps_100_captioner_none_swindegrad_v3_swindegrad_pt_0030000,0.912193,3.45415177,0.630609,0.6
Sue_Guevara_0001_00,LFW_v2_prompt_version_3_cfg_scale_5_strength_0.8_steps_30_captioner_none_swindegrad_v3_swindegrad_pt_0010000,0.903696,3.45226693,0.840931,0.6
Tammy_Lynn_Michaels_0001_00,LFW_v2_prompt_version_3_cfg_scale_4_strength_1.0_steps_30_captioner_none_swindegrad_v0,0.898247,3.3741066899999996,0.976633,0.6
Terri_Clark_0001_00,LFW_v2_prompt_version_3_cfg_scale_9_strength_0.7_steps_100_captioner_none_swindegrad_v0,0.86858,3.3854219199999998,0.686214,0.6
Tom_Smothers_0001_00,LFW_v2_prompt_version_3_cfg_scale_8_strength_0.7_steps_75_captioner_none_swindegrad_v3_swindegrad_pt_0010000,0.901938,3.46065562,0.609632,0.6
Tommy_Franks_0001_00,LFW_v2_prompt_version_3_cfg_scale_4_strength_0.7_steps_50_captioner_none_swindegrad_v0,0.907083,3.44092985,0.629343,0.6
Tonya_Payne_0001_00,LFW_v2_prompt_version_3_cfg_scale_4_strength_0.6_steps_50_captioner_none_swindegrad_v3_swindegrad_pt_0030000,0.876207,3.2525471799999996,0.642732,0.6
Will_Smith_0001_00,LFW_v2_prompt_version_3_cfg_scale_9_strength_0.7_steps_50_captioner_none_swindegrad_v3_swindegrad_pt_0010000,0.882756,3.4033738,0.656543,0.6
William_Delahunt_0001_00,LFW_v2_prompt_version_3_cfg_scale_5_strength_1.0_steps_50_captioner_none_swindegrad_v3_swindegrad_pt_0030000,0.816674,3.3674791099999997,0.928362,0.6
002_Barack_Obama_00,CelebChild_v2_prompt_version_3_cfg_scale_9_strength_0.7_steps_30_captioner_none_swindegrad_v4_swindegrad_pt_0010000,0.905294,3.4011340800000003,0.60729,0.6
011_Jennifer_Aniston_00,CelebChild_v2_prompt_version_3_cfg_scale_5_strength_0.7_steps_30_captioner_none_swindegrad_v4_swindegrad_pt_0010000,0.850604,3.24022165,0.697587,0.6
012_Jackie_Chan_00,CelebChild_v2_prompt_version_1_cfg_scale_8_strength_1.0_steps_50_captioner_none_swindegrad_v4_swindegrad_pt_0030000,0.851243,3.1694053999999996,0.651664,0.6
017_Amy_Winehouse_00,CelebChild_v2_prompt_version_3_cfg_scale_9_strength_0.8_steps_30_captioner_none_swindegrad_v0,0.916871,3.43441623,0.755011,0.6
028_Brad_Pitt_00,CelebChild_v2_prompt_version_3_cfg_scale_9_strength_0.8_steps_75_captioner_none_swindegrad_v4_swindegrad_pt_0010000,0.904636,3.3135439800000004,0.629285,0.6
031_Orlando_Bloom_00,CelebChild_v2_prompt_version_3_cfg_scale_7_strength_0.8_steps_100_captioner_none_swindegrad_v4_swindegrad_pt_0030000,0.883239,3.39040767,0.657843,0.6
033_Robbie_Williams_00,CelebChild_v2_prompt_version_3_cfg_scale_8_strength_0.8_steps_30_captioner_none_swindegrad_v0,0.878372,3.42210153,0.703369,0.6
037_Richard_Hammond_00,CelebChild_v2_prompt_version_3_cfg_scale_9_strength_0.8_steps_30_captioner_none_swindegrad_v4_swindegrad_pt_0010000,0.869083,3.39505879,0.615405,0.6
038_Justin_Timberlake_00,CelebChild_v2_prompt_version_3_cfg_scale_9_strength_0.8_steps_30_captioner_none_swindegrad_v4_swindegrad_pt_0010000,0.910746,3.40586002,0.651581,0.6
039_Chris_Pratt_00,CelebChild_v2_prompt_version_3_cfg_scale_9_strength_0.7_steps_50_captioner_none_swindegrad_v0,0.879269,3.3658376299999997,0.603434,0.6
040_Zooey_Deschanel_00,CelebChild_v2_prompt_version_3_cfg_scale_9_strength_0.9_steps_30_captioner_none_swindegrad_v4_swindegrad_pt_0030000,0.856835,3.3295246699999996,0.699396,0.6
041_Channing_Tatum_00,CelebChild_v2_prompt_version_3_cfg_scale_8_strength_0.7_steps_30_captioner_none_swindegrad_v4_swindegrad_pt_0010000,0.881555,3.42678139,0.617815,0.6
042_Amanda_Seyfried_00,CelebChild_v2_prompt_version_3_cfg_scale_8_strength_0.7_steps_30_captioner_none_swindegrad_v4_swindegrad_pt_0010000,0.884323,3.3615169700000003,0.60776,0.6
044_Amy_Schumer_00,CelebChild_v2_prompt_version_3_cfg_scale_9_strength_1.0_steps_30_captioner_none_swindegrad_v4_swindegrad_pt_0030000,0.919511,3.36434639,0.951592,0.6
045_Rihanna_00,CelebChild_v2_prompt_version_3_cfg_scale_9_strength_0.6_steps_50_captioner_none_swindegrad_v4_swindegrad_pt_0030000,0.892667,3.4706727900000005,0.670393,0.6
046_Natalie_Portman_00,CelebChild_v2_prompt_version_1_cfg_scale_6_strength_0.7_steps_30_captioner_none_swindegrad_v4_swindegrad_pt_0010000,0.890773,3.1904134799999997,0.62618,0.6
051_Eminem_00,CelebChild_v2_prompt_version_3_cfg_scale_8_strength_0.7_steps_30_captioner_none_swindegrad_v4_swindegrad_pt_0010000,0.872795,3.39113712,0.680189,0.6
060_Lily_Collins_00,CelebChild_v2_prompt_version_3_cfg_scale_6_strength_0.7_steps_100_captioner_none_swindegrad_v4_swindegrad_pt_0010000,0.90357,3.44877732,0.738106,0.6
063_Judy_Garland_00,CelebChild_v2_prompt_version_3_cfg_scale_7_strength_0.7_steps_50_captioner_none_swindegrad_v4_swindegrad_pt_0030000,0.881257,3.32092735,0.652012,0.6
065_John_Lennon_00,CelebChild_v2_prompt_version_3_cfg_scale_8_strength_0.8_steps_75_captioner_none_swindegrad_v4_swindegrad_pt_0010000,0.807519,3.25099607,0.657995,0.6
067_David_Beckham_00,CelebChild_v2_prompt_version_3_cfg_scale_6_strength_0.9_steps_50_captioner_none_swindegrad_v4_swindegrad_pt_0010000,0.885832,3.3242827499999996,0.708851,0.6
073_Elton_John_00,CelebChild_v2_prompt_version_3_cfg_scale_5_strength_0.7_steps_50_captioner_none_swindegrad_v4_swindegrad_pt_0010000,0.893798,3.33322135,0.660254,0.6
074_Gwyneth_Paltrow_00,CelebChild_v2_prompt_version_3_cfg_scale_8_strength_0.7_steps_30_captioner_none_swindegrad_v4_swindegrad_pt_0030000,0.880523,3.35101958,0.61449,0.6
081_Celine_Dion_00,CelebChild_v2_prompt_version_3_cfg_scale_7_strength_0.9_steps_50_captioner_none_swindegrad_v4_swindegrad_pt_0030000,0.891344,3.21444399,0.804608,0.6
082_Sarah_Jessica_Parker_00,CelebChild_v2_prompt_version_3_cfg_scale_4_strength_0.6_steps_50_captioner_none_swindegrad_v0,0.895269,3.4377721599999997,0.6005,0.6
089_Miley_Cyrus_00,CelebChild_v2_prompt_version_1_cfg_scale_4_strength_0.8_steps_50_captioner_none_swindegrad_v0,0.869203,3.35594875,0.706287,0.6
090_James_May_00,CelebChild_v2_prompt_version_3_cfg_scale_5_strength_0.6_steps_30_captioner_none_swindegrad_v4_swindegrad_pt_0030000,0.854891,3.36229042,0.627101,0.6
091_Chace_Crawford_00,CelebChild_v2_prompt_version_3_cfg_scale_8_strength_0.7_steps_30_captioner_none_swindegrad_v4_swindegrad_pt_0010000,0.800779,3.35748633,0.612861,0.6
100_Ariana_Grande_00,CelebChild_v2_prompt_version_3_cfg_scale_8_strength_0.7_steps_30_captioner_none_swindegrad_v4_swindegrad_pt_0010000,0.914644,3.44334876,0.612944,0.6
103_Britney_Spears_00,CelebChild_v2_prompt_version_3_cfg_scale_4_strength_0.6_steps_75_captioner_none_swindegrad_v0,0.924918,3.4447685,0.600324,0.6
107_John_Wayne_00,CelebChild_v2_prompt_version_3_cfg_scale_6_strength_0.7_steps_30_captioner_none_swindegrad_v0,0.876376,3.31527314,0.639386,0.6
108_Nicole_Richie_00,CelebChild_v2_prompt_version_3_cfg_scale_5_strength_0.7_steps_100_captioner_none_swindegrad_v0,0.88331,3.3077496799999997,0.606039,0.6
111_Alexa_Chung_00,CelebChild_v2_prompt_version_1_cfg_scale_7_strength_0.8_steps_30_captioner_none_swindegrad_v4_swindegrad_pt_0010000,0.811884,3.07123026,0.635423,0.6
112_Justin_Bieber_00,CelebChild_v2_prompt_version_3_cfg_scale_6_strength_0.9_steps_100_captioner_none_swindegrad_v0,0.830808,3.3735671399999996,0.943256,0.6
117_Ryan_Gosling_00,CelebChild_v2_prompt_version_3_cfg_scale_6_strength_0.6_steps_50_captioner_none_swindegrad_v4_swindegrad_pt_0030000,0.887029,3.42045945,0.608558,0.6
119_Neil_Patrick_Harris_00,CelebChild_v2_prompt_version_1_cfg_scale_4_strength_0.8_steps_50_captioner_none_swindegrad_v0,0.804184,3.3317856399999997,0.712714,0.6
127_Gal_Gadot_00,CelebChild_v2_prompt_version_1_cfg_scale_9_strength_0.8_steps_75_captioner_none_swindegrad_v4_swindegrad_pt_0030000,0.882228,3.40184567,0.60786,0.6
134_Jared_Leto_00,CelebChild_v2_prompt_version_3_cfg_scale_6_strength_0.8_steps_75_captioner_none_swindegrad_v4_swindegrad_pt_0010000,0.91903,3.40943336,0.816454,0.6
139_Kumail_Nanjiani_00,CelebChild_v2_prompt_version_3_cfg_scale_6_strength_0.7_steps_30_captioner_none_swindegrad_v4_swindegrad_pt_0010000,0.855202,3.2823030199999996,0.650849,0.6
142_Chrissy_Teigen_00,CelebChild_v2_prompt_version_3_cfg_scale_9_strength_0.7_steps_50_captioner_none_swindegrad_v4_swindegrad_pt_0010000,0.881924,3.31394621,0.624392,0.6
144_Lea_Michele_00,CelebChild_v2_prompt_version_3_cfg_scale_4_strength_0.6_steps_50_captioner_none_swindegrad_v0,0.8958,3.3542748600000003,0.667657,0.6
146_Sophie_Turner_00,CelebChild_v2_prompt_version_3_cfg_scale_4_strength_0.7_steps_30_captioner_none_swindegrad_v4_swindegrad_pt_0010000,0.846839,3.3726483,0.606245,0.6
152_Aziz_Ansari_00,CelebChild_v2_prompt_version_3_cfg_scale_7_strength_0.7_steps_30_captioner_none_swindegrad_v4_swindegrad_pt_0010000,0.906679,3.42219227,0.725192,0.6
153_Michael_Jordan_00,CelebChild_v2_prompt_version_3_cfg_scale_9_strength_0.7_steps_30_captioner_none_swindegrad_v4_swindegrad_pt_0010000,0.81316,3.36070705,0.646971,0.6
166_Robert_De_Niro_00,CelebChild_v2_prompt_version_3_cfg_scale_9_strength_0.9_steps_50_captioner_none_swindegrad_v0,0.910151,3.3172901500000003,0.707612,0.6
167_Madonna_00,CelebChild_v2_prompt_version_3_cfg_scale_8_strength_0.8_steps_50_captioner_none_swindegrad_v0,0.854949,3.2749756,0.630863,0.6
171_Frida_Kahlo_00,CelebChild_v2_prompt_version_3_cfg_scale_5_strength_0.8_steps_50_captioner_none_swindegrad_v4_swindegrad_pt_0030000,0.926296,3.37399107,0.629193,0.6
176_Amy_Winehouse_00,CelebChild_v2_prompt_version_3_cfg_scale_8_strength_0.8_steps_30_captioner_none_swindegrad_v0,0.89557,3.39014463,0.679279,0.6
177_Marilyn_Manson_00,CelebChild_v2_prompt_version_3_cfg_scale_7_strength_0.8_steps_100_captioner_none_swindegrad_v0,0.881243,3.32817674,0.710916,0.6
179_Salvador_Dali_00,CelebChild_v2_prompt_version_1_cfg_scale_9_strength_1.0_steps_30_captioner_none_swindegrad_v4_swindegrad_pt_0010000,0.798538,3.0802088,0.692724,0.6
162925,CelebA_v2_prompt_version_3_cfg_scale_8_strength_0.6_steps_100_captioner_none_swindegrad_v0,0.868077,3.43567846,0.619641,0.5
163110,CelebA_v2_prompt_version_3_cfg_scale_5_strength_0.6_steps_50_captioner_none_swindegrad_v5_swindegrad_pt_0030000,0.904663,3.44491871,0.660512,0.5
163602,CelebA_v2_prompt_version_1_cfg_scale_9_strength_0.9_steps_100_captioner_none_swindegrad_v0,0.800339,2.99459263,0.672565,0.5
164001,CelebA_v2_prompt_version_3_cfg_scale_8_strength_0.7_steps_100_captioner_none_swindegrad_v0,0.867194,3.40880442,0.560739,0.5
164010,CelebA_v2_prompt_version_3_cfg_scale_4_strength_0.9_steps_75_captioner_none_swindegrad_v5_swindegrad_pt_0010000,0.794442,3.34772223,0.944416,0.5
164034,CelebA_v2_prompt_version_1_cfg_scale_4_strength_0.6_steps_100_captioner_none_swindegrad_v5_swindegrad_pt_0030000,0.870255,3.4047466600000003,0.537211,0.5
164236,CelebA_v2_prompt_version_3_cfg_scale_4_strength_0.8_steps_100_captioner_none_swindegrad_v5_swindegrad_pt_0030000,0.837834,3.3707656,0.838347,0.5
164244,CelebA_v2_prompt_version_3_cfg_scale_9_strength_0.9_steps_30_captioner_none_swindegrad_v5_swindegrad_pt_0030000,0.897527,3.4418914199999997,0.930905,0.5
164470,CelebA_v2_prompt_version_3_cfg_scale_9_strength_1.0_steps_75_captioner_none_swindegrad_v5_swindegrad_pt_0010000,0.910559,3.4701473099999998,0.957507,0.5
164558,CelebA_v2_prompt_version_3_cfg_scale_6_strength_0.6_steps_100_captioner_none_swindegrad_v5_swindegrad_pt_0030000,0.883887,3.42582892,0.763488,0.5
164736,CelebA_v2_prompt_version_3_cfg_scale_9_strength_0.7_steps_75_captioner_none_swindegrad_v5_swindegrad_pt_0010000,0.851707,3.42047127,0.571512,0.5
166006,CelebA_v2_prompt_version_3_cfg_scale_4_strength_0.6_steps_50_captioner_none_swindegrad_v5_swindegrad_pt_0030000,0.810189,3.3584939300000003,0.581384,0.5
166008,CelebA_v2_prompt_version_3_cfg_scale_8_strength_0.7_steps_30_captioner_none_swindegrad_v5_swindegrad_pt_0010000,0.862989,3.43568929,0.721155,0.5
166115,CelebA_v2_prompt_version_3_cfg_scale_9_strength_0.6_steps_75_captioner_none_swindegrad_v5_swindegrad_pt_0010000,0.847376,3.40947909,0.505866,0.5
166118,CelebA_v2_prompt_version_3_cfg_scale_9_strength_0.6_steps_50_captioner_none_swindegrad_v0,0.857587,3.4085418499999998,0.570742,0.5
166463,CelebA_v2_prompt_version_3_cfg_scale_7_strength_0.6_steps_50_captioner_none_swindegrad_v0,0.873225,3.42576987,0.585883,0.5
166722,CelebA_v2_prompt_version_1_cfg_scale_9_strength_0.8_steps_50_captioner_none_swindegrad_v0,0.862029,3.44467312,0.611114,0.5
166752,CelebA_v2_prompt_version_3_cfg_scale_4_strength_0.7_steps_75_captioner_none_swindegrad_v5_swindegrad_pt_0030000,0.840014,3.37451718,0.736661,0.5
166786,CelebA_v2_prompt_version_3_cfg_scale_4_strength_0.7_steps_75_captioner_none_swindegrad_v5_swindegrad_pt_0030000,0.856261,3.44260299,0.741963,0.5
167043,CelebA_v2_prompt_version_3_cfg_scale_9_strength_0.6_steps_75_captioner_none_swindegrad_v5_swindegrad_pt_0010000,0.865969,3.4377712799999998,0.602998,0.5
167189,CelebA_v2_prompt_version_3_cfg_scale_5_strength_0.6_steps_30_captioner_none_swindegrad_v5_swindegrad_pt_0030000,0.879178,3.4231194699999996,0.501642,0.5
167213,CelebA_v2_prompt_version_3_cfg_scale_8_strength_0.6_steps_50_captioner_none_swindegrad_v5_swindegrad_pt_0030000,0.913136,3.46504184,0.617906,0.5
167277,CelebA_v2_prompt_version_3_cfg_scale_9_strength_0.6_steps_30_captioner_none_swindegrad_v5_swindegrad_pt_0030000,0.861375,3.43687882,0.579616,0.5
167278,CelebA_v2_prompt_version_3_cfg_scale_5_strength_0.9_steps_75_captioner_none_swindegrad_v5_swindegrad_pt_0010000,0.855162,3.38555005,0.961879,0.5
167465,CelebA_v2_prompt_version_3_cfg_scale_9_strength_0.6_steps_30_captioner_none_swindegrad_v5_swindegrad_pt_0030000,0.850335,3.4282218799999997,0.68369,0.5
167730,CelebA_v2_prompt_version_3_cfg_scale_7_strength_0.6_steps_30_captioner_none_swindegrad_v0,0.877748,3.36364322,0.668636,0.5
168009,CelebA_v2_prompt_version_3_cfg_scale_9_strength_0.6_steps_30_captioner_none_swindegrad_v5_swindegrad_pt_0030000,0.872358,3.3804445,0.667686,0.5
168012,CelebA_v2_prompt_version_3_cfg_scale_6_strength_0.6_steps_75_captioner_none_swindegrad_v5_swindegrad_pt_0010000,0.845719,3.3549655400000002,0.62161,0.5
168081,CelebA_v2_prompt_version_3_cfg_scale_4_strength_0.6_steps_30_captioner_none_swindegrad_v0,0.857354,3.3955636999999994,0.748013,0.5
168591,CelebA_v2_prompt_version_3_cfg_scale_9_strength_0.6_steps_75_captioner_none_swindegrad_v5_swindegrad_pt_0010000,0.901058,3.41473051,0.721922,0.5
169093,CelebA_v2_prompt_version_3_cfg_scale_7_strength_0.6_steps_50_captioner_none_swindegrad_v5_swindegrad_pt_0010000,0.89537,3.3796566200000004,0.512688,0.5
169737,CelebA_v2_prompt_version_3_cfg_scale_4_strength_0.6_steps_50_captioner_none_swindegrad_v0,0.868722,3.43167914,0.644728,0.5
170212,CelebA_v2_prompt_version_1_cfg_scale_6_strength_0.6_steps_30_captioner_none_swindegrad_v5_swindegrad_pt_0030000,0.87476,3.46004723,0.536288,0.5
170259,CelebA_v2_prompt_version_3_cfg_scale_6_strength_0.6_steps_75_captioner_none_swindegrad_v5_swindegrad_pt_0010000,0.881549,3.43088164,0.696695,0.5
170337,CelebA_v2_prompt_version_3_cfg_scale_8_strength_0.6_steps_50_captioner_none_swindegrad_v5_swindegrad_pt_0030000,0.892321,3.4375056299999995,0.60078,0.5
170511,CelebA_v2_prompt_version_1_cfg_scale_9_strength_0.9_steps_50_captioner_none_swindegrad_v0,0.90349,3.4109666,0.738539,0.5
170658,CelebA_v2_prompt_version_1_cfg_scale_8_strength_0.8_steps_100_captioner_none_swindegrad_v0,0.868286,3.1936467,0.624162,0.5
170849,CelebA_v2_prompt_version_1_cfg_scale_4_strength_0.6_steps_30_captioner_none_swindegrad_v0,0.864765,3.4236307200000002,0.739655,0.5
171158,CelebA_v2_prompt_version_3_cfg_scale_4_strength_0.6_steps_30_captioner_none_swindegrad_v5_swindegrad_pt_0010000,0.869486,3.37006741,0.689965,0.5
171220,CelebA_v2_prompt_version_3_cfg_scale_8_strength_0.7_steps_100_captioner_none_swindegrad_v0,0.878794,3.2666177100000002,0.535378,0.5
171429,CelebA_v2_prompt_version_3_cfg_scale_9_strength_0.6_steps_30_captioner_none_swindegrad_v5_swindegrad_pt_0030000,0.891039,3.49168401,0.673532,0.5
171520,CelebA_v2_prompt_version_3_cfg_scale_6_strength_0.6_steps_75_captioner_none_swindegrad_v5_swindegrad_pt_0010000,0.866976,3.4250836299999996,0.598318,0.5
171538,CelebA_v2_prompt_version_1_cfg_scale_4_strength_0.7_steps_50_captioner_none_swindegrad_v5_swindegrad_pt_0010000,0.8974,3.4250912,0.837779,0.5
172003,CelebA_v2_prompt_version_3_cfg_scale_9_strength_0.7_steps_50_captioner_none_swindegrad_v0,0.868011,3.3806123,0.643432,0.5
172027,CelebA_v2_prompt_version_3_cfg_scale_8_strength_0.8_steps_75_captioner_none_swindegrad_v5_swindegrad_pt_0030000,0.847395,3.3879820499999997,0.83313,0.5
172162,CelebA_v2_prompt_version_3_cfg_scale_9_strength_0.6_steps_100_captioner_none_swindegrad_v5_swindegrad_pt_0010000,0.863797,3.29971224,0.627493,0.5
172199,CelebA_v2_prompt_version_3_cfg_scale_9_strength_0.6_steps_30_captioner_none_swindegrad_v5_swindegrad_pt_0030000,0.897095,3.4293332299999997,0.654228,0.5
172257,CelebA_v2_prompt_version_3_cfg_scale_5_strength_0.6_steps_30_captioner_none_swindegrad_v5_swindegrad_pt_0030000,0.896358,3.37478233,0.606904,0.5
172310,CelebA_v2_prompt_version_3_cfg_scale_6_strength_0.6_steps_75_captioner_none_swindegrad_v5_swindegrad_pt_0010000,0.837135,3.31524072,0.618868,0.5
172321,CelebA_v2_prompt_version_3_cfg_scale_8_strength_0.8_steps_75_captioner_none_swindegrad_v5_swindegrad_pt_0010000,0.838453,3.34315142,0.532036,0.5
172604,CelebA_v2_prompt_version_1_cfg_scale_4_strength_0.7_steps_30_captioner_none_swindegrad_v5_swindegrad_pt_0030000,0.876279,3.4846017999999996,0.722291,0.5
172913,CelebA_v2_prompt_version_3_cfg_scale_8_strength_0.6_steps_100_captioner_none_swindegrad_v0,0.861589,3.3686096500000002,0.592205,0.5
172945,CelebA_v2_prompt_version_3_cfg_scale_5_strength_0.7_steps_50_captioner_none_swindegrad_v5_swindegrad_pt_0030000,0.857561,3.3670470100000003,0.639624,0.5
173106,CelebA_v2_prompt_version_3_cfg_scale_7_strength_0.7_steps_100_captioner_none_swindegrad_v0,0.871858,3.4427493,0.725575,0.5
173282,CelebA_v2_prompt_version_3_cfg_scale_9_strength_0.9_steps_30_captioner_none_swindegrad_v5_swindegrad_pt_0030000,0.86451,3.42425288,0.930076,0.5
173334,CelebA_v2_prompt_version_3_cfg_scale_8_strength_0.6_steps_100_captioner_none_swindegrad_v0,0.853087,3.3820847699999996,0.698948,0.5
173416,CelebA_v2_prompt_version_3_cfg_scale_9_strength_0.8_steps_75_captioner_none_swindegrad_v5_swindegrad_pt_0030000,0.861322,3.39322445,0.842217,0.5
173786,CelebA_v2_prompt_version_3_cfg_scale_9_strength_0.8_steps_30_captioner_none_swindegrad_v5_swindegrad_pt_0010000,0.852162,3.43110918,0.831817,0.5
173920,CelebA_v2_prompt_version_1_cfg_scale_5_strength_1.0_steps_30_captioner_none_swindegrad_v5_swindegrad_pt_0010000,0.820689,3.36146411,0.95846,0.5
173994,CelebA_v2_prompt_version_1_cfg_scale_6_strength_0.9_steps_50_captioner_none_swindegrad_v5_swindegrad_pt_0010000,0.849957,3.4368787299999997,0.854621,0.5
174037,CelebA_v2_prompt_version_3_cfg_scale_7_strength_0.7_steps_50_captioner_none_swindegrad_v5_swindegrad_pt_0010000,0.893109,3.46362665,0.690203,0.5
174255,CelebA_v2_prompt_version_3_cfg_scale_9_strength_0.7_steps_100_captioner_none_swindegrad_v5_swindegrad_pt_0030000,0.894494,3.42976317,0.552531,0.5
174304,CelebA_v2_prompt_version_3_cfg_scale_8_strength_0.8_steps_30_captioner_none_swindegrad_v0,0.854083,3.41621225,0.902987,0.5
174332,CelebA_v2_prompt_version_3_cfg_scale_4_strength_0.7_steps_30_captioner_none_swindegrad_v5_swindegrad_pt_0010000,0.882002,3.4188414499999995,0.818489,0.5
174496,CelebA_v2_prompt_version_3_cfg_scale_5_strength_0.6_steps_100_captioner_none_swindegrad_v5_swindegrad_pt_0030000,0.85713,3.3721065,0.632118,0.5
174555,CelebA_v2_prompt_version_3_cfg_scale_9_strength_0.6_steps_30_captioner_none_swindegrad_v5_swindegrad_pt_0030000,0.843884,3.47304519,0.756504,0.5
174813,CelebA_v2_prompt_version_1_cfg_scale_4_strength_0.6_steps_100_captioner_none_swindegrad_v5_swindegrad_pt_0030000,0.83514,3.4063492900000005,0.621072,0.5
175018,CelebA_v2_prompt_version_3_cfg_scale_6_strength_0.7_steps_50_captioner_none_swindegrad_v0,0.881267,3.4184804,0.717728,0.5
175025,CelebA_v2_prompt_version_3_cfg_scale_8_strength_0.7_steps_75_captioner_none_swindegrad_v5_swindegrad_pt_0030000,0.858047,3.38747099,0.663418,0.5
175120,CelebA_v2_prompt_version_3_cfg_scale_8_strength_0.8_steps_30_captioner_none_swindegrad_v0,0.85863,3.41904387,0.573582,0.5
175563,CelebA_v2_prompt_version_3_cfg_scale_9_strength_0.7_steps_100_captioner_none_swindegrad_v5_swindegrad_pt_0030000,0.858191,3.3969890000000005,0.77304,0.5
175784,CelebA_v2_prompt_version_3_cfg_scale_9_strength_0.9_steps_75_captioner_none_swindegrad_v0,0.831557,3.36791654,0.901205,0.5
175958,CelebA_v2_prompt_version_1_cfg_scale_7_strength_0.7_steps_75_captioner_none_swindegrad_v5_swindegrad_pt_0030000,0.893837,3.4368162,0.665972,0.5
175991,CelebA_v2_prompt_version_3_cfg_scale_4_strength_0.7_steps_50_captioner_none_swindegrad_v5_swindegrad_pt_0030000,0.864596,3.40863052,0.736178,0.5
176715,CelebA_v2_prompt_version_3_cfg_scale_9_strength_0.7_steps_50_captioner_none_swindegrad_v0,0.822685,3.36262538,0.670427,0.5
176906,CelebA_v2_prompt_version_3_cfg_scale_6_strength_0.9_steps_100_captioner_none_swindegrad_v5_swindegrad_pt_0030000,0.892635,3.49370207,0.931502,0.5
176959,CelebA_v2_prompt_version_3_cfg_scale_6_strength_1.0_steps_50_captioner_none_swindegrad_v5_swindegrad_pt_0030000,0.817267,3.3217654899999998,0.965945,0.5
177180,CelebA_v2_prompt_version_3_cfg_scale_4_strength_0.6_steps_50_captioner_none_swindegrad_v5_swindegrad_pt_0010000,0.864992,3.42869717,0.506354,0.5
177307,CelebA_v2_prompt_version_1_cfg_scale_8_strength_0.7_steps_75_captioner_none_swindegrad_v5_swindegrad_pt_0030000,0.839125,3.41390801,0.587617,0.5
177444,CelebA_v2_prompt_version_3_cfg_scale_8_strength_0.9_steps_75_captioner_none_swindegrad_v5_swindegrad_pt_0030000,0.868838,3.39552953,0.935683,0.5
177660,CelebA_v2_prompt_version_3_cfg_scale_4_strength_0.9_steps_50_captioner_none_swindegrad_v0,0.846171,3.4237892,0.923001,0.5
178110,CelebA_v2_prompt_version_1_cfg_scale_9_strength_0.6_steps_30_captioner_none_swindegrad_v5_swindegrad_pt_0010000,0.865095,3.4771664600000003,0.553012,0.5
178313,CelebA_v2_prompt_version_3_cfg_scale_8_strength_0.7_steps_30_captioner_none_swindegrad_v5_swindegrad_pt_0030000,0.840615,3.36183478,0.701788,0.5
178467,CelebA_v2_prompt_version_1_cfg_scale_4_strength_0.7_steps_50_captioner_none_swindegrad_v5_swindegrad_pt_0010000,0.902314,3.41801989,0.509971,0.5
178583,CelebA_v2_prompt_version_3_cfg_scale_8_strength_0.6_steps_50_captioner_none_swindegrad_v5_swindegrad_pt_0030000,0.885843,3.42325705,0.622315,0.5
178696,CelebA_v2_prompt_version_3_cfg_scale_8_strength_0.8_steps_30_captioner_none_swindegrad_v0,0.866485,3.3768706999999996,0.682438,0.5
178729,CelebA_v2_prompt_version_3_cfg_scale_8_strength_0.6_steps_50_captioner_none_swindegrad_v0,0.91326,3.46586603,0.655863,0.5
178777,CelebA_v2_prompt_version_3_cfg_scale_7_strength_0.7_steps_50_captioner_none_swindegrad_v0,0.879574,3.4270158100000003,0.827853,0.5
179761,CelebA_v2_prompt_version_3_cfg_scale_6_strength_0.6_steps_75_captioner_none_swindegrad_v5_swindegrad_pt_0010000,0.858155,3.4038410299999997,0.519338,0.5
179843,CelebA_v2_prompt_version_1_cfg_scale_8_strength_1.0_steps_100_captioner_none_swindegrad_v5_swindegrad_pt_0030000,0.90124,3.4712225,0.861191,0.5
180415,CelebA_v2_prompt_version_3_cfg_scale_8_strength_0.6_steps_100_captioner_none_swindegrad_v0,0.866236,3.38287016,0.508436,0.5
180623,CelebA_v2_prompt_version_3_cfg_scale_4_strength_0.8_steps_50_captioner_none_swindegrad_v5_swindegrad_pt_0030000,0.830415,3.4070574799999997,0.850384,0.5
181053,CelebA_v2_prompt_version_3_cfg_scale_8_strength_0.8_steps_100_captioner_none_swindegrad_v5_swindegrad_pt_0030000,0.913736,3.4902782599999997,0.865866,0.5
181217,CelebA_v2_prompt_version_3_cfg_scale_7_strength_0.6_steps_50_captioner_none_swindegrad_v5_swindegrad_pt_0030000,0.874612,3.4254946499999996,0.510759,0.5
181440,CelebA_v2_prompt_version_3_cfg_scale_8_strength_0.6_steps_100_captioner_none_swindegrad_v5_swindegrad_pt_0030000,0.840469,3.30185931,0.727555,0.5
181460,CelebA_v2_prompt_version_1_cfg_scale_5_strength_0.7_steps_50_captioner_none_swindegrad_v5_swindegrad_pt_0010000,0.846695,3.44853883,0.784987,0.5
181712,CelebA_v2_prompt_version_3_cfg_scale_4_strength_0.6_steps_50_captioner_none_swindegrad_v5_swindegrad_pt_0030000,0.872424,3.3750025000000003,0.695374,0.5
182193,CelebA_v2_prompt_version_1_cfg_scale_6_strength_1.0_steps_30_captioner_none_swindegrad_v0,0.882914,3.45691361,0.936605,0.5
182257,CelebA_v2_prompt_version_3_cfg_scale_8_strength_0.8_steps_30_captioner_none_swindegrad_v5_swindegrad_pt_0010000,0.85489,3.43017277,0.881874,0.5
182523,CelebA_v2_prompt_version_3_cfg_scale_7_strength_0.6_steps_50_captioner_none_swindegrad_v5_swindegrad_pt_0030000,0.886138,3.4455218299999997,0.650493,0.5
